Property Name,Date,price
Albany Room,10/12/2024,61000
Amani Room,10/12/2024,33200
Amani Premium Room,10/12/2024,33200
Amani Premium Room,11/12/2024,33200
Amani Premium Room,12/12/2024,33300
Amani Premium Room,13/12/2024,36600
Albany Room,14/12/2024,73300
Amani Premium Room,14/12/2024,44500
Airyland Room,15/12/2024,119700
Airyland Room,15/12/2024,102700
Airyland Room,15/12/2024,85600
Albany Room,15/12/2024,76300
Amani Room,15/12/2024,46400
Amani Premium Room,15/12/2024,46400
Airyland Room,16/12/2024,93500
Airyland Room,16/12/2024,80200
Airyland Room,16/12/2024,66900
Albany Room,16/12/2024,60200
Amani Room,16/12/2024,36600
Amani Premium Room,16/12/2024,36600
Airyland Room,17/12/2024,84300
Airyland Room,17/12/2024,72300
Albany Room,17/12/2024,61000
Airyland Room,17/12/2024,60300
Amani Room,17/12/2024,33300
Amani Premium Room,17/12/2024,33300
Airyland Room,18/12/2024,84300
Airyland Room,18/12/2024,72300
Airyland Room,18/12/2024,60300
Amani Room,18/12/2024,33300
Amani Premium Room,18/12/2024,33300
Airyland Room,19/12/2024,84300
Airyland Room,19/12/2024,72300
Airyland Room,19/12/2024,60300
Amani Room,19/12/2024,33300
Amani Premium Room,19/12/2024,33300
Airyland Room,20/12/2024,118200
Airyland Room,20/12/2024,118200
Airyland Room,20/12/2024,118200
Amani Room,20/12/2024,40500
Amani Premium Room,20/12/2024,40500
Airyland Room,21/12/2024,126000
Airyland Room,21/12/2024,126000
Airyland Room,21/12/2024,126000
Amani Room,21/12/2024,43200
Amani Premium Room,21/12/2024,43200
Airyland Room,22/12/2024,112400
Airyland Room,22/12/2024,112400
Airyland Room,22/12/2024,112400
Albany Room,22/12/2024,77100
Amani Room,22/12/2024,38600
Amani Premium Room,22/12/2024,38600
Airyland Room,23/12/2024,105000
Airyland Room,23/12/2024,105000
Airyland Room,23/12/2024,105000
Albany Room,23/12/2024,72000
Amani Room,23/12/2024,36000
Amani Premium Room,23/12/2024,36000
Airyland Room,24/12/2024,105000
Airyland Room,24/12/2024,105000
Airyland Room,24/12/2024,105000
Amani Room,24/12/2024,36000
Amani Premium Room,24/12/2024,36000
Airyland Room,25/12/2024,119000
Airyland Room,25/12/2024,119000
Airyland Room,25/12/2024,119000
Amani Room,25/12/2024,40800
Amani Premium Room,25/12/2024,40800
Airyland Room,26/12/2024,112400
Airyland Room,26/12/2024,112400
Airyland Room,26/12/2024,112400
Airyland Room,27/12/2024,118200
Airyland Room,27/12/2024,118200
Airyland Room,27/12/2024,118200
Albany Room,27/12/2024,81000
Airyland Room,28/12/2024,126000
Airyland Room,28/12/2024,126000
Airyland Room,28/12/2024,126000
Airyland Room,29/12/2024,112400
Airyland Room,29/12/2024,112400
Airyland Room,29/12/2024,112400
Amani Room,29/12/2024,38600
Amani Premium Room,29/12/2024,38600
Airyland Room,30/12/2024,133000
Airyland Room,30/12/2024,133000
Airyland Room,30/12/2024,133000
Amani Room,30/12/2024,45600
Amani Premium Room,30/12/2024,45600
Airyland Room,31/12/2024,175000
Airyland Room,31/12/2024,175000
Airyland Room,31/12/2024,175000
Amani Premium Room,31/12/2024,60000
Amani Room,31/12/2024,60000
Airyland Room,01/01/2025,133000
Airyland Room,01/01/2025,133000
Airyland Room,01/01/2025,133000
Albany Room,01/01/2025,91200
Amani Room,01/01/2025,45600
Amani Premium Room,01/01/2025,45600
Airyland Room,02/01/2025,112400
Airyland Room,02/01/2025,112400
Airyland Room,02/01/2025,112400
Albany Room,02/01/2025,77100
Amani Room,02/01/2025,38600
Amani Premium Room,02/01/2025,38600
Airyland Room,03/01/2025,118200
Airyland Room,03/01/2025,118200
Airyland Room,03/01/2025,118200
Albany Room,03/01/2025,81000
Amani Room,03/01/2025,40500
Amani Premium Room,03/01/2025,40500
Airyland Room,04/01/2025,126000
Airyland Room,04/01/2025,126000
Airyland Room,04/01/2025,126000
Albany Room,04/01/2025,86400
Amani Premium Room,04/01/2025,43200
Amani Room,04/01/2025,43200
Airyland Room,05/01/2025,112400
Airyland Room,05/01/2025,112400
Airyland Room,05/01/2025,112400
Albany Room,05/01/2025,77100
Amani Room,05/01/2025,38600
Amani Premium Room,05/01/2025,38600
Airyland Room,06/01/2025,102900
Airyland Room,06/01/2025,88300
Airyland Room,06/01/2025,73500
Albany Room,06/01/2025,65900
Amani Room,06/01/2025,44600
Amani Premium Room,06/01/2025,44600
Airyland Room,07/01/2025,92900
Airyland Room,07/01/2025,79700
Airyland Room,07/01/2025,66400
Albany Room,07/01/2025,59900
Amani Room,07/01/2025,40500
Amani Premium Room,07/01/2025,40500
Airyland Room,08/01/2025,92900
Airyland Room,08/01/2025,79700
Airyland Room,08/01/2025,66400
Albany Room,08/01/2025,59900
Amani Premium Room,08/01/2025,40500
Amani Room,08/01/2025,40500
Airyland Room,09/01/2025,92900
Airyland Room,09/01/2025,79700
Airyland Room,09/01/2025,66400
Albany Room,09/01/2025,59900
Amani Room,09/01/2025,36300
Amani Premium Room,09/01/2025,36300
Airyland Room,10/01/2025,103000
Airyland Room,10/01/2025,88400
Airyland Room,10/01/2025,73600
Albany Room,10/01/2025,65900
Amani Room,10/01/2025,40100
Amani Premium Room,10/01/2025,40100
Airyland Room,11/01/2025,126300
Airyland Room,11/01/2025,108300
Airyland Room,11/01/2025,90200
Albany Room,11/01/2025,80300
Amani Room,11/01/2025,48800
Amani Premium Room,11/01/2025,48800
Airyland Room,12/01/2025,132200
Airyland Room,12/01/2025,113300
Airyland Room,12/01/2025,94400
Albany Room,12/01/2025,83500
Amani Room,12/01/2025,50800
Amani Premium Room,12/01/2025,50800
Airyland Room,13/01/2025,103000
Airyland Room,13/01/2025,88400
Airyland Room,13/01/2025,73600
Albany Room,13/01/2025,65900
Amani Room,13/01/2025,40100
Amani Premium Room,13/01/2025,40100
Airyland Room,14/01/2025,92900
Airyland Room,14/01/2025,79700
Airyland Room,14/01/2025,66400
Albany Room,14/01/2025,59900
Amani Room,14/01/2025,36300
Amani Premium Room,14/01/2025,36300
Airyland Room,15/01/2025,92900
Airyland Room,15/01/2025,79700
Airyland Room,15/01/2025,66400
Albany Room,15/01/2025,50000
Amani Room,15/01/2025,33000
Amani Premium Room,15/01/2025,33000
Airyland Room,16/01/2025,92900
Airyland Room,16/01/2025,79700
Airyland Room,16/01/2025,66400
Albany Room,16/01/2025,50000
Amani Room,16/01/2025,33000
Amani Premium Room,16/01/2025,33000
Airyland Room,17/01/2025,103000
Airyland Room,17/01/2025,88400
Airyland Room,17/01/2025,73600
Albany Room,17/01/2025,55000
Amani Room,17/01/2025,33400
Amani Premium Room,17/01/2025,33400
Airyland Room,18/01/2025,126500
Airyland Room,18/01/2025,108500
Airyland Room,18/01/2025,90500
Albany Room,18/01/2025,66900
Amani Room,18/01/2025,40600
Amani Premium Room,18/01/2025,40600
Airyland Room,19/01/2025,132200
Airyland Room,19/01/2025,113300
Airyland Room,19/01/2025,94400
Albany Room,19/01/2025,69800
Amani Room,19/01/2025,42400
Amani Premium Room,19/01/2025,42400
Airyland Room,20/01/2025,103400
Airyland Room,20/01/2025,88700
Airyland Room,20/01/2025,74000
Albany Room,20/01/2025,55000
Amani Room,20/01/2025,33500
Amani Premium Room,20/01/2025,33500
Airyland Room,21/01/2025,92900
Airyland Room,21/01/2025,79700
Airyland Room,21/01/2025,66400
Albany Room,21/01/2025,50000
Amani Room,21/01/2025,33000
Amani Premium Room,21/01/2025,33000
Airyland Room,22/01/2025,92900
Airyland Room,22/01/2025,79700
Airyland Room,22/01/2025,66400
Albany Room,22/01/2025,50000
Amani Room,22/01/2025,33000
Amani Premium Room,22/01/2025,33000
Airyland Room,23/01/2025,92900
Airyland Room,23/01/2025,79700
Airyland Room,23/01/2025,66400
Amani Room,23/01/2025,33000
Amani Premium Room,23/01/2025,33000
Airyland Room,24/01/2025,113800
Airyland Room,24/01/2025,113800
Airyland Room,24/01/2025,113800
Amani Room,24/01/2025,37300
Amani Premium Room,24/01/2025,37300
Airyland Room,25/01/2025,139200
Airyland Room,25/01/2025,139200
Airyland Room,25/01/2025,139200
Amani Room,25/01/2025,40600
Amani Premium Room,25/01/2025,40600
Airyland Room,26/01/2025,145500
Airyland Room,26/01/2025,145500
Airyland Room,26/01/2025,145500
Amani Room,26/01/2025,56600
Amani Premium Room,26/01/2025,56600
Airyland Room,27/01/2025,113800
Airyland Room,27/01/2025,97600
Airyland Room,27/01/2025,81300
Albany Room,27/01/2025,55000
Amani Premium Room,27/01/2025,44600
Amani Room,27/01/2025,44600
Airyland Room,28/01/2025,102300
Airyland Room,28/01/2025,87800
Airyland Room,28/01/2025,73200
Albany Room,28/01/2025,50100
Amani Premium Room,28/01/2025,40500
Amani Room,28/01/2025,40500
Airyland Room,29/01/2025,102300
Airyland Room,29/01/2025,87800
Airyland Room,29/01/2025,73200
Albany Room,29/01/2025,50100
Amani Room,29/01/2025,33000
Amani Premium Room,29/01/2025,33000
Airyland Room,30/01/2025,102300
Airyland Room,30/01/2025,87800
Airyland Room,30/01/2025,73200
Amani Room,30/01/2025,33000
Amani Premium Room,30/01/2025,33000
Airyland Room,31/01/2025,113800
Airyland Room,31/01/2025,97600
Airyland Room,31/01/2025,81300
Amani Room,31/01/2025,33600
Amani Premium Room,31/01/2025,33600
Airyland Room,01/02/2025,139400
Airyland Room,01/02/2025,119500
Airyland Room,01/02/2025,99600
Amani Room,01/02/2025,40700
Amani Premium Room,01/02/2025,40700
Airyland Room,02/02/2025,145900
Airyland Room,02/02/2025,125100
Airyland Room,02/02/2025,104300
Albany Room,02/02/2025,69900
Amani Room,02/02/2025,42500
Amani Premium Room,02/02/2025,42500
Airyland Room,03/02/2025,113800
Airyland Room,03/02/2025,97600
Airyland Room,03/02/2025,81300
Albany Room,03/02/2025,55200
Amani Room,03/02/2025,33600
Amani Premium Room,03/02/2025,33600
Airyland Room,04/02/2025,102500
Airyland Room,04/02/2025,87800
Airyland Room,04/02/2025,73200
Albany Room,04/02/2025,50100
Amani Room,04/02/2025,33000
Amani Premium Room,04/02/2025,33000
Airyland Room,05/02/2025,102500
Airyland Room,05/02/2025,87800
Airyland Room,05/02/2025,73200
Albany Room,05/02/2025,50100
Amani Room,05/02/2025,33000
Amani Premium Room,05/02/2025,33000
Airyland Room,06/02/2025,102500
Airyland Room,06/02/2025,87800
Airyland Room,06/02/2025,73200
Albany Room,06/02/2025,50100
Amani Room,06/02/2025,33000
Amani Premium Room,06/02/2025,33000
Airyland Room,07/02/2025,113800
Airyland Room,07/02/2025,97600
Airyland Room,07/02/2025,81300
Albany Room,07/02/2025,55200
Amani Room,07/02/2025,33600
Amani Premium Room,07/02/2025,33600
Airyland Room,08/02/2025,139400
Airyland Room,08/02/2025,119500
Airyland Room,08/02/2025,99600
Albany Room,08/02/2025,67100
Amani Room,08/02/2025,40700
Amani Premium Room,08/02/2025,40700
Airyland Room,09/02/2025,146000
Airyland Room,09/02/2025,125200
Airyland Room,09/02/2025,104300
Albany Room,09/02/2025,69900
Amani Room,09/02/2025,42500
Amani Premium Room,09/02/2025,42500
Airyland Room,10/02/2025,113900
Airyland Room,10/02/2025,97700
Airyland Room,10/02/2025,81400
Albany Room,10/02/2025,55200
Amani Room,10/02/2025,33600
Amani Premium Room,10/02/2025,33600
Airyland Room,11/02/2025,102500
Airyland Room,11/02/2025,87800
Airyland Room,11/02/2025,73200
Albany Room,11/02/2025,50100
Amani Room,11/02/2025,33000
Amani Premium Room,11/02/2025,33000
Airyland Room,12/02/2025,102500
Airyland Room,12/02/2025,87800
Airyland Room,12/02/2025,73200
Albany Room,12/02/2025,50100
Amani Room,12/02/2025,33000
Amani Premium Room,12/02/2025,33000
Airyland Room,13/02/2025,102500
Airyland Room,13/02/2025,87800
Airyland Room,13/02/2025,73200
Albany Room,13/02/2025,50200
Amani Room,13/02/2025,33000
Amani Premium Room,13/02/2025,33000
Airyland Room,14/02/2025,113900
Airyland Room,14/02/2025,97700
Airyland Room,14/02/2025,81400
Albany Room,14/02/2025,55200
Amani Room,14/02/2025,33600
Amani Premium Room,14/02/2025,33600
Airyland Room,15/02/2025,152300
Airyland Room,15/02/2025,130600
Airyland Room,15/02/2025,108800
Albany Room,15/02/2025,72900
Amani Room,15/02/2025,44300
Amani Premium Room,15/02/2025,44300
Airyland Room,16/02/2025,159200
Airyland Room,16/02/2025,136600
Airyland Room,16/02/2025,113800
Albany Room,16/02/2025,75900
Amani Room,16/02/2025,46100
Amani Premium Room,16/02/2025,46100
Airyland Room,17/02/2025,124200
Airyland Room,17/02/2025,106500
Airyland Room,17/02/2025,88800
Albany Room,17/02/2025,59900
Amani Room,17/02/2025,36300
Amani Premium Room,17/02/2025,36300
Airyland Room,18/02/2025,112000
Airyland Room,18/02/2025,96100
Airyland Room,18/02/2025,80100
Albany Room,18/02/2025,54300
Amani Room,18/02/2025,33000
Amani Premium Room,18/02/2025,33000
Airyland Room,19/02/2025,112000
Airyland Room,19/02/2025,96100
Airyland Room,19/02/2025,80100
Albany Room,19/02/2025,54300
Amani Room,19/02/2025,33000
Amani Premium Room,19/02/2025,33000
Airyland Room,20/02/2025,112000
Airyland Room,20/02/2025,96100
Airyland Room,20/02/2025,80100
Albany Room,20/02/2025,54300
Amani Room,20/02/2025,33000
Amani Premium Room,20/02/2025,33000
Airyland Room,21/02/2025,124600
Airyland Room,21/02/2025,106900
Airyland Room,21/02/2025,89000
Albany Room,21/02/2025,59900
Amani Room,21/02/2025,36300
Amani Premium Room,21/02/2025,36300
Airyland Room,22/02/2025,152400
Airyland Room,22/02/2025,130700
Airyland Room,22/02/2025,108900
Albany Room,22/02/2025,73000
Amani Room,22/02/2025,44300
Amani Premium Room,22/02/2025,44300
Airyland Room,23/02/2025,159300
Airyland Room,23/02/2025,136700
Airyland Room,23/02/2025,113900
Albany Room,23/02/2025,76100
Amani Room,23/02/2025,46100
Amani Premium Room,23/02/2025,46100
Airyland Room,24/02/2025,124600
Airyland Room,24/02/2025,106900
Airyland Room,24/02/2025,89000
Albany Room,24/02/2025,59900
Amani Room,24/02/2025,36300
Amani Premium Room,24/02/2025,36300
Airyland Room,25/02/2025,112100
Airyland Room,25/02/2025,96200
Airyland Room,25/02/2025,80100
Albany Room,25/02/2025,54400
Amani Room,25/02/2025,33000
Amani Premium Room,25/02/2025,33000
Airyland Room,26/02/2025,112100
Airyland Room,26/02/2025,96200
Airyland Room,26/02/2025,80100
Albany Room,26/02/2025,54400
Amani Room,26/02/2025,33000
Amani Premium Room,26/02/2025,33000
Airyland Room,27/02/2025,112100
Airyland Room,27/02/2025,96200
Airyland Room,27/02/2025,80100
Albany Room,27/02/2025,54400
Amani Room,27/02/2025,33000
Amani Premium Room,27/02/2025,33000
Airyland Room,28/02/2025,124600
Airyland Room,28/02/2025,106900
Airyland Room,28/02/2025,89000
Albany Room,28/02/2025,59900
Amani Room,28/02/2025,36300
Amani Premium Room,28/02/2025,36300
Airyland Room,01/03/2025,127100
Airyland Room,01/03/2025,108900
Airyland Room,01/03/2025,90800
Albany Room,01/03/2025,67300
Amani Room,01/03/2025,40900
Amani Premium Room,01/03/2025,40900
Airyland Room,02/03/2025,132800
Airyland Room,02/03/2025,113900
Airyland Room,02/03/2025,95000
Albany Room,02/03/2025,70100
Amani Room,02/03/2025,42600
Amani Premium Room,02/03/2025,42600
Airyland Room,03/03/2025,103900
Airyland Room,03/03/2025,89100
Airyland Room,03/03/2025,74300
Albany Room,03/03/2025,55400
Amani Room,03/03/2025,33600
Amani Premium Room,03/03/2025,33600
Airyland Room,04/03/2025,93500
Airyland Room,04/03/2025,80200
Airyland Room,04/03/2025,66900
Albany Room,04/03/2025,50300
Amani Room,04/03/2025,33000
Amani Premium Room,04/03/2025,33000
Airyland Room,05/03/2025,93500
Airyland Room,05/03/2025,80200
Airyland Room,05/03/2025,66900
Albany Room,05/03/2025,50300
Amani Room,05/03/2025,33000
Amani Premium Room,05/03/2025,33000
Airyland Room,06/03/2025,93500
Airyland Room,06/03/2025,80200
Airyland Room,06/03/2025,66900
Albany Room,06/03/2025,50300
Amani Room,06/03/2025,33000
Amani Premium Room,06/03/2025,33000
Airyland Room,07/03/2025,103900
Airyland Room,07/03/2025,89100
Airyland Room,07/03/2025,74300
Albany Room,07/03/2025,55400
Amani Room,07/03/2025,33600
Amani Premium Room,07/03/2025,33600
Albany Room,08/03/2025,67400
Amani Room,08/03/2025,40900
Amani Premium Room,08/03/2025,40900
Albany Room,09/03/2025,70100
Amani Room,09/03/2025,42600
Amani Premium Room,09/03/2025,42600
Airyland Room,10/03/2025,104000
Airyland Room,10/03/2025,89100
Airyland Room,10/03/2025,74300
Albany Room,10/03/2025,55400
Amani Room,10/03/2025,33600
Amani Premium Room,10/03/2025,33600
Airyland Room,11/03/2025,93700
Airyland Room,11/03/2025,80300
Airyland Room,11/03/2025,66900
Albany Room,11/03/2025,50300
Amani Room,11/03/2025,33000
Amani Premium Room,11/03/2025,33000
Airyland Room,12/03/2025,93700
Airyland Room,12/03/2025,80300
Airyland Room,12/03/2025,66900
Albany Room,12/03/2025,50300
Amani Room,12/03/2025,33000
Amani Premium Room,12/03/2025,33000
Airyland Room,13/03/2025,93700
Airyland Room,13/03/2025,80300
Airyland Room,13/03/2025,66900
Albany Room,13/03/2025,50300
Amani Room,13/03/2025,33000
Amani Premium Room,13/03/2025,33000
Airyland Room,14/03/2025,104000
Airyland Room,14/03/2025,104000
Airyland Room,14/03/2025,104000
Albany Room,14/03/2025,55400
Amani Room,14/03/2025,33600
Amani Premium Room,14/03/2025,33600
Airyland Room,15/03/2025,127500
Airyland Room,15/03/2025,127500
Airyland Room,15/03/2025,127500
Albany Room,15/03/2025,67400
Amani Room,15/03/2025,41000
Amani Premium Room,15/03/2025,41000
Airyland Room,16/03/2025,133300
Airyland Room,16/03/2025,133300
Airyland Room,16/03/2025,133300
Albany Room,16/03/2025,70200
Amani Room,16/03/2025,42600
Amani Premium Room,16/03/2025,42600
Airyland Room,17/03/2025,104000
Airyland Room,17/03/2025,89100
Airyland Room,17/03/2025,74300
Albany Room,17/03/2025,55400
Amani Room,17/03/2025,33600
Amani Premium Room,17/03/2025,33600
Airyland Room,18/03/2025,93700
Airyland Room,18/03/2025,80300
Airyland Room,18/03/2025,66900
Albany Room,18/03/2025,50300
Amani Room,18/03/2025,33000
Amani Premium Room,18/03/2025,33000
Airyland Room,19/03/2025,93800
Airyland Room,19/03/2025,80500
Airyland Room,19/03/2025,67000
Albany Room,19/03/2025,50300
Amani Room,19/03/2025,33000
Amani Premium Room,19/03/2025,33000
Airyland Room,20/03/2025,93800
Airyland Room,20/03/2025,80500
Airyland Room,20/03/2025,67000
Albany Room,20/03/2025,50400
Amani Premium Room,20/03/2025,33000
Amani Room,20/03/2025,33000
Airyland Room,21/03/2025,104000
Airyland Room,21/03/2025,89100
Airyland Room,21/03/2025,74300
Albany Room,21/03/2025,55500
Amani Room,21/03/2025,33700
Amani Premium Room,21/03/2025,33700
Airyland Room,22/03/2025,127500
Airyland Room,22/03/2025,109400
Airyland Room,22/03/2025,91100
Albany Room,22/03/2025,67500
Amani Room,22/03/2025,41000
Amani Premium Room,22/03/2025,41000
Airyland Room,23/03/2025,133500
Airyland Room,23/03/2025,114400
Airyland Room,23/03/2025,95400
Albany Room,23/03/2025,70200
Amani Room,23/03/2025,42700
Amani Premium Room,23/03/2025,42700
Airyland Room,24/03/2025,104000
Airyland Room,24/03/2025,89100
Airyland Room,24/03/2025,74300
Albany Room,24/03/2025,55500
Amani Room,24/03/2025,33700
Amani Premium Room,24/03/2025,33700
Airyland Room,25/03/2025,93800
Airyland Room,25/03/2025,80500
Airyland Room,25/03/2025,67000
Albany Room,25/03/2025,50400
Amani Room,25/03/2025,33000
Amani Premium Room,25/03/2025,33000
Airyland Room,26/03/2025,93800
Airyland Room,26/03/2025,80500
Airyland Room,26/03/2025,67000
Albany Room,26/03/2025,50400
Amani Room,26/03/2025,33000
Amani Premium Room,26/03/2025,33000
Airyland Room,27/03/2025,93800
Airyland Room,27/03/2025,80500
Airyland Room,27/03/2025,67000
Albany Room,27/03/2025,50400
Amani Room,27/03/2025,33000
Amani Premium Room,27/03/2025,33000
Airyland Room,28/03/2025,104200
Airyland Room,28/03/2025,89400
Airyland Room,28/03/2025,74500
Albany Room,28/03/2025,55500
Amani Room,28/03/2025,33700
Amani Premium Room,28/03/2025,33700
Airyland Room,29/03/2025,127800
Airyland Room,29/03/2025,109600
Airyland Room,29/03/2025,91300
Albany Room,29/03/2025,67500
Amani Room,29/03/2025,41100
Amani Premium Room,29/03/2025,41100
Airyland Room,30/03/2025,133600
Airyland Room,30/03/2025,114600
Airyland Room,30/03/2025,95500
Albany Room,30/03/2025,70400
Amani Room,30/03/2025,42800
Amani Premium Room,30/03/2025,42800
Airyland Room,31/03/2025,104200
Airyland Room,31/03/2025,89400
Airyland Room,31/03/2025,74500
Albany Room,31/03/2025,55500
Amani Room,31/03/2025,33700
Amani Premium Room,31/03/2025,33700
Airyland Room,01/04/2025,93900
Airyland Room,01/04/2025,80600
Airyland Room,01/04/2025,67100
Albany Room,01/04/2025,50400
Amani Room,01/04/2025,33000
Amani Premium Room,01/04/2025,33000
Airyland Room,02/04/2025,93900
Airyland Room,02/04/2025,80600
Airyland Room,02/04/2025,67100
Amani Room,02/04/2025,33000
Amani Premium Room,02/04/2025,33000
Airyland Room,03/04/2025,93900
Airyland Room,03/04/2025,80600
Airyland Room,03/04/2025,67100
Amani Room,03/04/2025,33000
Amani Premium Room,03/04/2025,33000
Airyland Room,04/04/2025,104200
Airyland Room,04/04/2025,89400
Airyland Room,04/04/2025,74500
Amani Room,04/04/2025,37600
Amani Premium Room,04/04/2025,37600
Airyland Room,05/04/2025,127900
Airyland Room,05/04/2025,109600
Airyland Room,05/04/2025,91300
Amani Room,05/04/2025,41100
Amani Premium Room,05/04/2025,41100
Airyland Room,06/04/2025,133600
Airyland Room,06/04/2025,114600
Airyland Room,06/04/2025,95500
Albany Room,06/04/2025,70400
Amani Room,06/04/2025,42800
Amani Premium Room,06/04/2025,42800
Airyland Room,07/04/2025,104300
Airyland Room,07/04/2025,89500
Airyland Room,07/04/2025,74600
Albany Room,07/04/2025,55600
Amani Room,07/04/2025,33700
Amani Premium Room,07/04/2025,33700
Airyland Room,08/04/2025,93900
Airyland Room,08/04/2025,80600
Airyland Room,08/04/2025,67100
Albany Room,08/04/2025,50400
Amani Room,08/04/2025,33000
Amani Premium Room,08/04/2025,33000
Airyland Room,09/04/2025,93900
Airyland Room,09/04/2025,80600
Airyland Room,09/04/2025,67100
Albany Room,09/04/2025,50400
Amani Room,09/04/2025,33000
Amani Premium Room,09/04/2025,33000
Airyland Room,10/04/2025,93900
Airyland Room,10/04/2025,80600
Airyland Room,10/04/2025,67100
Albany Room,10/04/2025,50400
Amani Room,10/04/2025,33000
Amani Premium Room,10/04/2025,33000
Airyland Room,11/04/2025,104300
Airyland Room,11/04/2025,89500
Airyland Room,11/04/2025,74600
Albany Room,11/04/2025,55600
Amani Room,11/04/2025,33700
Amani Premium Room,11/04/2025,33700
Airyland Room,12/04/2025,127900
Airyland Room,12/04/2025,109600
Airyland Room,12/04/2025,91300
Albany Room,12/04/2025,67600
Amani Room,12/04/2025,41100
Amani Premium Room,12/04/2025,41100
Airyland Room,13/04/2025,133800
Airyland Room,13/04/2025,114800
Airyland Room,13/04/2025,95600
Albany Room,13/04/2025,70600
Amani Room,13/04/2025,42800
Amani Premium Room,13/04/2025,42800
Airyland Room,14/04/2025,104300
Airyland Room,14/04/2025,89500
Airyland Room,14/04/2025,74600
Albany Room,14/04/2025,55600
Amani Room,14/04/2025,33700
Amani Premium Room,14/04/2025,33700
Airyland Room,15/04/2025,93900
Airyland Room,15/04/2025,80600
Airyland Room,15/04/2025,67100
Albany Room,15/04/2025,50400
Amani Room,15/04/2025,33000
Amani Premium Room,15/04/2025,33000
Airyland Room,16/04/2025,93900
Airyland Room,16/04/2025,80600
Airyland Room,16/04/2025,67100
Albany Room,16/04/2025,50400
Amani Room,16/04/2025,33000
Amani Premium Room,16/04/2025,33000
Airyland Room,17/04/2025,93900
Airyland Room,17/04/2025,80600
Airyland Room,17/04/2025,67100
Albany Room,17/04/2025,50400
Amani Room,17/04/2025,33000
Amani Premium Room,17/04/2025,33000
Airyland Room,18/04/2025,104400
Airyland Room,18/04/2025,104400
Airyland Room,18/04/2025,104400
Albany Room,18/04/2025,55600
Amani Room,18/04/2025,33700
Amani Premium Room,18/04/2025,33700
Airyland Room,19/04/2025,127900
Airyland Room,19/04/2025,127900
Airyland Room,19/04/2025,127900
Albany Room,19/04/2025,67700
Amani Room,19/04/2025,41200
Amani Premium Room,19/04/2025,41200
Airyland Room,20/04/2025,133900
Airyland Room,20/04/2025,133900
Airyland Room,20/04/2025,133900
Albany Room,20/04/2025,70600
Amani Room,20/04/2025,42800
Amani Premium Room,20/04/2025,42800
Airyland Room,21/04/2025,104400
Airyland Room,21/04/2025,89600
Airyland Room,21/04/2025,74600
Airyland Room,22/04/2025,94300
Airyland Room,22/04/2025,80900
Airyland Room,22/04/2025,67500
Airyland Room,23/04/2025,94300
Airyland Room,23/04/2025,80900
Airyland Room,23/04/2025,67500
Airyland Room,24/04/2025,94300
Airyland Room,24/04/2025,80900
Airyland Room,24/04/2025,67500
Airyland Room,25/04/2025,104400
Airyland Room,25/04/2025,89600
Airyland Room,25/04/2025,74600
Airyland Room,26/04/2025,128200
Airyland Room,26/04/2025,109900
Airyland Room,26/04/2025,91700
Airyland Room,27/04/2025,133900
Airyland Room,27/04/2025,114900
Airyland Room,27/04/2025,95700
Airyland Room,28/04/2025,104500
Airyland Room,28/04/2025,89700
Airyland Room,28/04/2025,74700
Airyland Room,29/04/2025,94300
Airyland Room,29/04/2025,80900
Airyland Room,29/04/2025,67500
Airyland Room,30/04/2025,94300
Airyland Room,30/04/2025,80900
Airyland Room,30/04/2025,67500
Airyland Room,01/05/2025,111200
Airyland Room,01/05/2025,95400
Airyland Room,01/05/2025,79500
Airyland Room,02/05/2025,123600
Airyland Room,02/05/2025,106000
Airyland Room,02/05/2025,88300
Airyland Room,03/05/2025,151500
Airyland Room,03/05/2025,129900
Airyland Room,03/05/2025,108300
Airyland Room,04/05/2025,158400
Airyland Room,04/05/2025,135800
Airyland Room,04/05/2025,113200
Airyland Room,05/05/2025,123600
Airyland Room,05/05/2025,106000
Airyland Room,05/05/2025,88300
Airyland Room,06/05/2025,111200
Airyland Room,06/05/2025,95400
Airyland Room,06/05/2025,79500
Airyland Room,07/05/2025,111200
Airyland Room,07/05/2025,95400
Airyland Room,07/05/2025,79500
Airyland Room,08/05/2025,111200
Airyland Room,08/05/2025,95400
Airyland Room,08/05/2025,79500
Airyland Room,09/05/2025,123700
Airyland Room,09/05/2025,106100
Airyland Room,09/05/2025,88400
Airyland Room,10/05/2025,151500
Airyland Room,10/05/2025,129900
Airyland Room,10/05/2025,108300
Airyland Room,11/05/2025,158600
Airyland Room,11/05/2025,136000
Airyland Room,11/05/2025,113300
Airyland Room,12/05/2025,123700
Airyland Room,12/05/2025,106100
Airyland Room,12/05/2025,88400
Airyland Room,13/05/2025,111200
Airyland Room,13/05/2025,95400
Airyland Room,13/05/2025,79500
Airyland Room,14/05/2025,111200
Airyland Room,14/05/2025,95400
Airyland Room,14/05/2025,79500
Airyland Room,15/05/2025,111500
Airyland Room,15/05/2025,95600
Airyland Room,15/05/2025,79700
Airyland Room,16/05/2025,123800
Airyland Room,16/05/2025,106200
Airyland Room,16/05/2025,88500
Airyland Room,17/05/2025,151800
Airyland Room,17/05/2025,130200
Airyland Room,17/05/2025,108500
Airyland Room,18/05/2025,158800
Airyland Room,18/05/2025,136200
Airyland Room,18/05/2025,113500
Airyland Room,19/05/2025,123800
Airyland Room,19/05/2025,106200
Airyland Room,19/05/2025,88500
Airyland Room,20/05/2025,111500
Airyland Room,20/05/2025,95600
Airyland Room,20/05/2025,79700
Airyland Room,21/05/2025,111500
Airyland Room,21/05/2025,95600
Airyland Room,21/05/2025,79700
Airyland Room,22/05/2025,111500
Airyland Room,22/05/2025,95600
Airyland Room,22/05/2025,79700
Airyland Room,23/05/2025,123800
Airyland Room,23/05/2025,106200
Airyland Room,23/05/2025,88500
Airyland Room,24/05/2025,151900
Airyland Room,24/05/2025,130200
Airyland Room,24/05/2025,108500
Airyland Room,25/05/2025,158800
Airyland Room,25/05/2025,136200
Airyland Room,25/05/2025,113500
Airyland Room,26/05/2025,123800
Airyland Room,26/05/2025,106200
Airyland Room,26/05/2025,88500
Airyland Room,27/05/2025,111600
Airyland Room,27/05/2025,95700
Airyland Room,27/05/2025,79800
Airyland Room,28/05/2025,111600
Airyland Room,28/05/2025,95700
Airyland Room,28/05/2025,79800
Airyland Room,29/05/2025,111600
Airyland Room,29/05/2025,95700
Airyland Room,29/05/2025,79800
Airyland Room,30/05/2025,124100
Airyland Room,30/05/2025,106400
Airyland Room,30/05/2025,88700
Airyland Room,31/05/2025,152200
Airyland Room,31/05/2025,130500
Airyland Room,31/05/2025,108800
Airyland Room,01/06/2025,158900
Airyland Room,01/06/2025,136200
Airyland Room,01/06/2025,113500
